749,A000000,00100,00000,0100CAPITAL COSTS-BLDG & FIXT
749,A000000,00200,00000,0200CAPITAL COSTS-MVBLE EQUIPMENT
749,A000000,00300,00000,0300EMPLOYEE BENEFITS
749,A000000,00400,00000,0400ADMINISTRATIVE & GENERAL
749,A000000,00500,00000,0500OPERATION AND MAINTENANCE OF PLANT
749,A000000,00600,00000,0600HOUSEKEEPING
749,A000000,00700,00000,0700MEDICAL SUPPLIES
749,A000000,00800,00000,0800OTHER OVERHEAD
749,A000000,00900,00000,0900PROCUREMENT COORDINATORS
749,A000000,01000,00000,1000PROFESSIONAL EDUCATION
749,A000000,01100,00000,1100PUBLIC EDUCATION
749,A000000,01200,00000,1200REFERRAL CENTER
749,A000000,01300,00000,1300KIDNEY ACQUISITIONS
749,A000000,01400,00000,1400TISSUE TYPING LABORATORY
749,A000000,01500,00000,1500LIVER ACQUISITIONS
749,A000000,01600,00000,1600HEART ACQUISITIONS
749,A000000,01700,00000,1700PANCREAS ACQUISITIONS
749,A000000,01800,00000,1800LUNG ACQUISITIONS
749,A000000,01900,00000,1900SMALL BOWEL
749,A000000,02100,00000,2100RESEARCH
749,A000000,02200,00000,2200BLOOD BANK
749,A000000,02300,00000,2300LABORATORY-NON-TISSUE TYPING
749,A000000,02400,00000,2400DIALYSIS UNITS
749,A000000,02500,00000,2500TISSUE
749,A000000,02501,00000,2501MEMORIAL
749,A000000,02502,00000,2503DTI
749,A000000,02503,00000,2502MERGER EXPENSES
749,A100000,01700,00000,OTHER
749,A100000,01800,00000,NONREIMBURSEABLE
749,A100000,01900,00000,CONSULTING
749,A100000,01901,00000,PURCHASED SERVICES
749,A100000,01902,00000,DUES/SUBSCRIPTIONS
749,A100000,01903,00000,SPECIALITY ITEMS
749,A20H000,00900,00000,OTHER HOSPITAL EXCISION COSTS
749,A20H000,00901,00000,DONOR HOSPITAL CHARGES ACCRUAL
749,A20H000,02100,00000,OTHER PROFESSIONAL FEES
749,A20K000,00900,00000,OTHER HOSPITAL EXCISION COSTS
749,A20K000,00901,00000,DONOR HOSPITAL CHARGES ACCRUAL
749,A20K000,02100,00000,OTHER PROFESSIONAL FEES
749,A20L000,00900,00000,OTHER HOSPITAL EXCISION COSTS
749,A20L000,00901,00000,DONOR HOSPITAL CHARGES ACCRUAL
749,A20L000,02100,00000,OTHER PROFESSIONAL FEES
749,A20O000,00900,00000,OTHER HOSPITAL EXCISION COSTS
749,A20O000,00901,00000,DONOR HOSPITAL CHARGES ACCRUAL
749,A20O000,02100,00000,OTHER PROFESSIONAL FEES
749,A20P000,00900,00000,OTHER HOSPITAL EXCISION COSTS
749,A20P000,00901,00000,DONOR HOSPITAL CHARGES ACCRUAL
749,A20P000,02100,00000,OTHER PROFESSIONAL FEES
749,A20U000,00900,00000,OTHER HOSPITAL EXCISION COSTS
749,A20U000,00901,00000,DONOR HOSPITAL CHARGES ACCRUAL
749,A20U000,02100,00000,OTHER PROFESSIONAL FEES
749,A400010,00100,00000,TISSUE OVERHEAD RECLASS
749,A400010,00100,00100,A
749,A400010,00100,00200,TISSUE
749,A400010,00100,00500,PROCUREMENT COORDINATORS
749,A400010,00200,00000,TISSUE OVERHEAD RECLASS
749,A400010,00200,00100,A
749,A400010,00200,00500,PROFESSIONAL EDUCATION
749,A400010,00300,00000,TISSUE OVERHEAD RECLASS
749,A400010,00300,00100,A
749,A400010,00300,00500,PUBLIC EDUCATION
749,A400010,00400,00000,TISSUE OVERHEAD RECLASS
749,A400010,00400,00100,A
749,A400010,00400,00500,REFERRAL CENTER
749,A400010,00500,00000,EMPLOYEE BENEFITS
749,A400010,00500,00100,B
749,A400010,00500,00200,ADMINISTRATIVE & GENERAL
749,A400010,00500,00500,EMPLOYEE BENEFITS
749,A500010,00700,00100,B
749,A500010,00700,00300,CAPITAL COSTS-BLDG & FIXT
749,A500010,00800,00100,B
749,A500010,00800,00300,PROCUREMENT COORDINATORS
749,A500010,01200,00100,B
749,A500010,01200,00300,ADMINISTRATIVE & GENERAL
749,A500010,01500,00000,IMPORT REVENUE
749,A500010,01500,00100,B
749,A500010,01500,00300,PROCUREMENT COORDINATORS
749,A500010,01501,00000,OTHER ORGAN
749,A500010,01501,00100,B
749,A500010,01501,00300,PROCUREMENT COORDINATORS
749,A500010,01502,00000,LOBBYING
749,A500010,01502,00100,A
749,A500010,01502,00300,ADMINISTRATIVE & GENERAL
749,A500010,01503,00000,CALL CENTER FEES
749,A500010,01503,00100,B
749,A500010,01503,00300,REFERRAL CENTER
749,A500010,01600,00000,NONREIMBURSEABLE EXPENSES
749,A500010,01600,00100,A
749,A500010,01600,00300,ADMINISTRATIVE & GENERAL
749,A500010,01601,00000,OPO MERGER-RELATED EXPENSES
749,A500010,01601,00100,A
749,A500010,01601,00300,MERGER EXPENSES
749,A500010,01602,00000,DFRC REVENUE
749,A500010,01602,00100,B
749,A500010,01602,00300,PUBLIC EDUCATION
749,A500010,01603,00000,LIVING KIDNEY DONOR REVENUE
749,A500010,01603,00100,B
749,A500010,01603,00300,KIDNEY ACQUISITIONS
749,A51000A,00100,00100,N
749,A60000C,00500,00100,N
749,B10000*,00100,00200,CAP BLDG
749,B10000*,00100,00300,CAP COSTS
749,B10000*,00100,00400,EMPLOYEE
749,B10000*,00100,00500,MEDICAL
749,B10000*,00100,00800,ORGAN
749,B10000*,00100,01000,ADMIN &
749,B10000*,00200,00200,OP PLANT &
749,B10000*,00200,00300,MOVABLE
749,B10000*,00200,00400,BENEFITS
749,B10000*,00200,00500,SUPPLIES
749,B10000*,00200,00800,ACQUISITN
749,B10000*,00200,01000,GENERAL
749,B10000*,00300,00200,HOUSEKEEP
749,B10000*,00300,00300,EQUIPMENT
749,B10000*,00300,00800,COSTS
749,B10000*,00400,00200,SQUARE
749,B10000*,00400,00300,DOLLAR
749,B10000*,00400,00400,ADJUST
749,B10000*,00400,00500,COSTED
749,B10000*,00400,00800,NUMBER
749,B10000*,00400,01000,ACCUM
749,B10000*,00500,00200,FEET
749,B10000*,00500,00300,VALUE
749,B10000*,00500,00400,SALARIES
749,B10000*,00500,00500,REQUISIT
749,B10000*,00500,00800,ORGANS
749,B10000*,00500,01000,COSTS
749,B10000*,00600,00200,1
749,B10000*,00600,00300,2
749,B10000*,00600,00400,3
749,B10000*,00600,00500,3
749,B10000*,00600,00800,3
749,B10000*,00600,01000,3
749,B100000,00000,01000,X
749,E000000,00900,00000,MEDICARE RECEIVABLE
749,E000000,02600,00000,OTHER FIXED ASSETS
749,E000000,03100,00000,INVEST IN SUPP CO/RIGHT-OF-USE ASSET
749,E000000,04600,00000,LEASE LAIBILITY - OPERATING LEASES
749,E000000,04700,00000,DEFERRED COMPENSATION
749,E100001,00700,00000,TISSUE REVENUE
749,E100001,00800,00000,RESEARCH REVENUE
749,E100001,00900,00000,MEDICARE RECEIVABLE 2023 ESTIMATE
749,E100002,00300,00000,EXCLUDED FOUNDATION EXPENSES
749,E100002,00800,00000,ROUNDING
749,E200000,02000,00000,COMMUNICATION CENTER
749,E200000,02100,00000,SPECIAL EVENTS INCOME
749,E200000,02200,00000,OTHER INCOME
749,E200000,02300,00000,DIVIDENDS AND INTEREST
749,E200000,02301,00000,INCOME FR INVESTMENT IN SUPPORT ORG
749,S000000,00100,00100,X
749,S000000,00400,00100,1
749,S000000,00500,00100,02/24/2025
749,S000000,00600,00100,10001
749,S000000,00700,00100,N
749,S000000,00800,00100,N
749,S000000,01000,00100,4
749,S000001,00100,00100,LIFECENTER ORGAN DONOR NETWORK
749,S000001,00100,00200,36P003
749,S000001,00101,00100,615 ELSINORE PLACE  SUITE 400
749,S000001,00102,00100,CINCINNATI
749,S000001,00102,00200,OH
749,S000001,00102,00300,45202
749,S000001,00300,00100,01/01/2024
749,S000001,00300,00200,09/30/2024
749,S000001,00400,00100,2
749,S000001,00400,00300,1
749,S000001,00400,00400,05/06/1983
749,S000001,00401,00100,6
749,S000001,00401,00300,1
749,S000002,00100,00200,Y
749,S000002,00300,00100,CEO
749,S000002,00400,00100,02/19/2025
749,S100001,00700,00100,N
749,S100001,00810,00000,INTESTINES
749,S100001,00811,00000,VEINS
749,S100001,00812,00000,OTHER
749,S100003,00100,00100,MEDICAL DIRECTOR
749,S100003,00100,00300,MEDICAL DIRECTOR
749,S100003,00100,00500,LAB DIRECTOR
749,S100003,00101,00100,EXEC. DIRECTOR
749,S100003,00101,00300,PROCUREMENT COORDINATOR
749,S100003,00101,00500,TECHNICIANS
749,S100003,00102,00100,CLERICAL
749,S100003,00102,00300,PRESERVATION TECHNICIANS
749,S100003,00102,00500,TISSUE TYPING TECH.
749,S100003,00103,00100,OTHER
749,S100003,00103,00300,OTHER
749,S100003,00103,00500,OTHER
749,S200000,00100,00100,Y
749,S200000,00100,00200,09/30/2024
749,S200000,00100,00300,08/28/2024
749,S200000,00200,00100,Y
749,S200000,00200,00200,09/30/2024
749,S200000,00200,00300,V
749,S200000,00300,00100,N
749,S200000,00400,00100,Y
749,S200000,00400,00200,A
749,S200000,00400,00300,05/31/2024
749,S200000,00500,00100,N
749,S200000,00600,00300,EVP & CFO
749,S200000,00700,00100,NETWORK FOR HOPE
750,A000000,00100,00000,0100CAPITAL COSTS-BLDG & FIXT
750,A000000,00200,00000,0200CAPITAL COSTS-MVBLE EQUIPMENT
750,A000000,00300,00000,0300EMPLOYEE BENEFITS
750,A000000,00400,00000,0400ADMINISTRATIVE & GENERAL
750,A000000,00500,00000,0500OPERATION AND MAINTENANCE OF PLANT
750,A000000,00600,00000,0600HOUSEKEEPING
750,A000000,00700,00000,0700MEDICAL SUPPLIES
750,A000000,00800,00000,0800OTHER OVERHEAD
750,A000000,00900,00000,0900PROCUREMENT COORDINATORS
750,A000000,01000,00000,1000PROFESSIONAL EDUCATION
750,A000000,01100,00000,1100PUBLIC EDUCATION
750,A000000,01200,00000,1200OTHER ACQUISITION
750,A000000,01300,00000,1300KIDNEY ACQUISITIONS
750,A000000,01400,00000,1400TISSUE TYPING LABORATORY
750,A000000,01500,00000,1500LIVER ACQUISITIONS
750,A000000,01600,00000,1600HEART ACQUISITIONS
750,A000000,01700,00000,1700PANCREAS ACQUISITIONS
750,A000000,01800,00000,1800LUNG ACQUISITIONS
750,A000000,01900,00000,1900OTHER ACQUISITIONS
750,A000000,02100,00000,2100RESEARCH
750,A000000,02200,00000,2200BLOOD BANK
750,A000000,02300,00000,2300LABORATORY-NON-TISSUE TYPING
750,A000000,02400,00000,2400DIALYSIS UNITS
750,A000000,02500,00000,2500OTHER NON-REIMBURSABLE
750,A100000,01700,00000,QUALITY ASSURANCE
750,A100000,01800,00000,EMPLOYEE RECRUITMENT
750,A100000,01900,00000,OTHER EXPENSES-INDIRECT
750,A20H000,00900,00000,OTHER HOSPITAL COSTS
750,A20H000,02100,00000,PERFUSION EXPENSES
750,A20K000,00900,00000,OTHER HOSPITAL COSTS
750,A20K000,02100,00000,PERFUSION EXPENSES
750,A20L000,00900,00000,OTHER HOSPITAL COSTS
750,A20L000,02100,00000,PERFUSION EXPENSES
750,A20O000,00900,00000,OTHER HOSPITAL COSTS
750,A20P000,00900,00000,OTHER HOSPITAL COSTS
750,A20U000,00900,00000,OTHER HOSPITAL COSTS
750,A20U000,02100,00000,PERFUSION EXPENSES
750,A400010,00100,00000,TISSUE ALLOCATION
750,A400010,00100,00100,A
750,A400010,00100,00200,OTHER NON-REIMBURSABLE
750,A400010,00100,00500,PROCUREMENT COORDINATORS
750,A400010,00200,00000,TISSUE ALLOCATION
750,A400010,00200,00100,A
750,A400010,00200,00200,OTHER NON-REIMBURSABLE
750,A400010,00200,00500,PROFESSIONAL EDUCATION
750,A400010,00300,00000,TISSUE ALLOCATION
750,A400010,00300,00100,A
750,A400010,00300,00200,OTHER NON-REIMBURSABLE
750,A400010,00300,00500,PUBLIC EDUCATION
750,A400010,00400,00000,RECLASS FACILITY RENT
750,A400010,00400,00100,B
750,A400010,00400,00200,CAPITAL COSTS-BLDG & FIXT
750,A400010,00400,00500,ADMINISTRATIVE & GENERAL
750,A500010,00800,00100,B
750,A500010,00800,00300,PROCUREMENT COORDINATORS
750,A500010,01500,00000,CHARITABLE CONTRIBUTIONS
750,A500010,01500,00100,A
750,A500010,01500,00300,ADMINISTRATIVE & GENERAL
750,A500010,01600,00000,AOPO LOBBYING EXPENSES
750,A500010,01600,00100,A
750,A500010,01600,00300,ADMINISTRATIVE & GENERAL
750,A500010,01601,00000,VENDOR RELATION EXPENSES
750,A500010,01601,00100,A
750,A500010,01601,00300,ADMINISTRATIVE & GENERAL
750,A51000A,00100,00100,Y
750,A51000B,00100,00200,ADMINISTRATIVE & GENERAL
750,A51000B,00100,00300,DIVISION OVERHEAD COSTS
750,A51000C,00100,00100,B
750,A51000C,00100,00200,SIERRA DONOR SERVICES
750,A51000C,00100,00400,DCI DONOR SERVICES INC
750,A51000C,00100,00600,ORGAN PROCUREMENT ORGANIZATION
750,A60000A,00700,00000,CONSTRUCTION IN PROGRESS
750,A60000C,00500,00100,N
750,B10000*,00100,00200,CAP BLDG
750,B10000*,00100,00300,CAP COSTS
750,B10000*,00100,00400,EMPLOYEE
750,B10000*,00100,00500,MEDICAL
750,B10000*,00100,00800,ORGAN
750,B10000*,00100,01000,ADMIN &
750,B10000*,00200,00200,OP PLANT &
750,B10000*,00200,00300,MOVABLE
750,B10000*,00200,00400,BENEFITS
750,B10000*,00200,00500,SUPPLIES
750,B10000*,00200,00800,ACQUISITN
750,B10000*,00200,01000,GENERAL
750,B10000*,00300,00200,HOUSEKEEP
750,B10000*,00300,00300,EQUIPMENT
750,B10000*,00300,00800,COSTS
750,B10000*,00400,00200,SQUARE
750,B10000*,00400,00300,DOLLAR
750,B10000*,00400,00400,ADJUST
750,B10000*,00400,00500,COSTED
750,B10000*,00400,00800,NUMBER
750,B10000*,00400,01000,ACCUM
750,B10000*,00500,00200,FEET
750,B10000*,00500,00300,VALUE
750,B10000*,00500,00400,SALARIES
750,B10000*,00500,00500,REQUISIT
750,B10000*,00500,00800,ORGANS
750,B10000*,00500,01000,COSTS
750,B10000*,00600,00200,1
750,B10000*,00600,00300,2
750,B10000*,00600,00400,3
750,B10000*,00600,00500,3
750,B10000*,00600,00800,3
750,B10000*,00600,01000,3
750,B100000,00000,01000,X
750,E000000,00900,00000,DEPOSITS
750,E000000,02600,00000,OTHER FIXED ASSETS CIP & LEASED
750,E000000,03900,00000,INTERCOMPANY PAYABLES
750,E000000,04100,00000,OTHER CURRENT LIABILITIES
750,E000000,04600,00000,LONG TERM OPERATING LEASE OBLIGATION
750,E100001,00800,00000,OTHER ORGAN RELATED FEES
750,E100001,00900,00000,TISSUE RECOVERY REVENUE
750,E100002,00300,00000,DISALLOWABLES
750,E100002,00400,00000,BAD DEBT
750,E100002,00800,00000,COST REPORT ESTIMATE
750,E100002,00900,00000,RENTAL INCOME
750,E100002,01000,00000,INVENTORY VARIANCE
750,S000000,00100,00100,X
750,S000000,00400,00100,1
750,S000000,00500,00100,02/27/2025
750,S000000,00600,00100,10001
750,S000000,00700,00100,N
750,S000000,00800,00100,N
750,S000000,01000,00100,4
750,S000001,00100,00100,SIERRA DONOR SERVICES
750,S000001,00100,00200,05P004
750,S000001,00101,00100,3940 INDUSTRIAL BLVD
750,S000001,00102,00100,WEST SACRAMENTO
750,S000001,00102,00200,CA
750,S000001,00102,00300,95691
750,S000001,00300,00100,10/01/2023
750,S000001,00300,00200,09/30/2024
750,S000001,00400,00100,6
750,S000001,00400,00300,1
750,S000001,00400,00400,10/01/1990
750,S000001,00401,00300,1
750,S000002,00100,00200,Y
750,S000002,00300,00100,DIRECTOR OF FINANCE
750,S000002,00400,00100,02/26/2025
750,S100001,00700,00100,N
750,S100001,00810,00000,SMALL BOWEL
750,S100003,00100,00100,MEDICAL DIRECTOR
750,S100003,00100,00300,MEDICAL DIRECTOR
750,S100003,00100,00500,LAB DIRECTOR
750,S100003,00101,00100,EXEC. DIRECTOR
750,S100003,00101,00300,PROCUREMENT COORDINATOR
750,S100003,00101,00500,TECHNICIANS
750,S100003,00102,00100,CLERICAL
750,S100003,00102,00300,PRESERVATION TECHNICIANS
750,S100003,00102,00500,TISSUE TYPING TECH.
750,S100003,00103,00100,OTHER
750,S100003,00103,00300,OTHER
750,S100003,00103,00500,OTHER
750,S200000,00100,00100,N
750,S200000,00200,00100,N
750,S200000,00300,00100,Y
750,S200000,00400,00100,Y
750,S200000,00400,00200,A
750,S200000,00500,00100,N
750,S200000,00600,00300,DIRECTOR OF FINANCE
750,S200000,00700,00100,DCI DONOR SERVICES  INC
752,A000000,00100,00000,0100CAPITAL COSTS-BLDG & FIXT
752,A000000,00200,00000,0200CAPITAL COSTS-MVBLE EQUIPMENT
752,A000000,00300,00000,0300EMPLOYEE BENEFITS
752,A000000,00400,00000,0400ADMINISTRATIVE & GENERAL
752,A000000,00500,00000,0500OPERATION AND MAINTENANCE OF PLANT
752,A000000,00600,00000,0600HOUSEKEEPING
752,A000000,00700,00000,0700MEDICAL SUPPLIES
752,A000000,00800,00000,0800OTHER OVERHEAD
752,A000000,00900,00000,0900PROCUREMENT COORDINATORS
752,A000000,01000,00000,1000PROFESSIONAL EDUCATION
752,A000000,01100,00000,1100PUBLIC EDUCATION
752,A000000,01200,00000,1200OTHER ACQUISITION
752,A000000,01300,00000,1300KIDNEY ACQUISITIONS
752,A000000,01400,00000,1400TISSUE TYPING LABORATORY
752,A000000,01500,00000,1500LIVER ACQUISITIONS
752,A000000,01600,00000,1600HEART ACQUISITIONS
752,A000000,01700,00000,1700PANCREAS ACQUISITIONS
752,A000000,01800,00000,1800LUNG ACQUISITIONS
752,A000000,01900,00000,1900OTHER ACQUISITIONS
752,A000000,02100,00000,2100RESEARCH
752,A000000,02200,00000,2200BLOOD BANK
752,A000000,02300,00000,2300LABORATORY-NON-TISSUE TYPING
752,A000000,02400,00000,2400DIALYSIS UNITS
752,A000000,02500,00000,2500OTHER NON-REIMBURSABLE
752,A100000,01700,00000,QUALITY ASSURANCE
752,A100000,01800,00000,EMPLOYEE RECRUITMENT
752,A100000,01900,00000,OTHER EXPENSES-INDIRECT
752,A20H000,00900,00000,OTHER HOSPITAL SERVICES
752,A20K000,00900,00000,OTHER HOSPITAL SERVICES
752,A20L000,00900,00000,OTHER HOSPITAL SERVICES
752,A20O000,00900,00000,OTHER HOSPITAL SERVICES
752,A20P000,00900,00000,OTHER HOSPITAL SERVICES
752,A20U000,00900,00000,OTHER HOSPITAL SERVICES
752,A400010,00100,00000,TISSUE ALLOCATION
752,A400010,00100,00100,A
752,A400010,00100,00200,OTHER NON-REIMBURSABLE
752,A400010,00100,00500,PROCUREMENT COORDINATORS
752,A400010,00200,00000,TISSUE ALLOCATION
752,A400010,00200,00100,A
752,A400010,00200,00200,OTHER NON-REIMBURSABLE
752,A400010,00200,00500,PROFESSIONAL EDUCATION
752,A400010,00300,00000,TISSUE ALLOCATION
752,A400010,00300,00100,A
752,A400010,00300,00200,OTHER NON-REIMBURSABLE
752,A400010,00300,00500,PUBLIC EDUCATION
752,A500010,00800,00100,B
752,A500010,00800,00300,PROCUREMENT COORDINATORS
752,A500010,01500,00000,AOPO LOBBYING EXPENSES
752,A500010,01500,00100,A
752,A500010,01500,00300,ADMINISTRATIVE & GENERAL
752,A500010,01501,00000,LEGAL RESERVE
752,A500010,01501,00100,A
752,A500010,01501,00300,ADMINISTRATIVE & GENERAL
752,A500010,01600,00000,VENDOR RELATIONS
752,A500010,01600,00100,A
752,A500010,01600,00300,ADMINISTRATIVE & GENERAL
752,A51000A,00100,00100,Y
752,A51000B,00100,00200,ADMINISTRATIVE & GENERAL
752,A51000B,00100,00300,DIVISION OVERHEAD COSTS
752,A51000C,00100,00100,A
752,A51000C,00100,00200,NEW MEXICO DONOR SERVICES
752,A51000C,00100,00400,DCI DONOR SERVICES
752,A51000C,00100,00600,ORGAN PROCUREMENT ORGANIZATION
752,A60000C,00500,00100,N
752,B10000*,00100,00200,CAP BLDG
752,B10000*,00100,00300,CAP COSTS
752,B10000*,00100,00400,EMPLOYEE
752,B10000*,00100,00500,MEDICAL
752,B10000*,00100,00800,ORGAN
752,B10000*,00100,01000,ADMIN &
752,B10000*,00200,00200,OP PLANT &
752,B10000*,00200,00300,MOVABLE
752,B10000*,00200,00400,BENEFITS
752,B10000*,00200,00500,SUPPLIES
752,B10000*,00200,00800,ACQUISITN
752,B10000*,00200,01000,GENERAL
752,B10000*,00300,00200,HOUSEKEEP
752,B10000*,00300,00300,EQUIPMENT
752,B10000*,00300,00800,COSTS
752,B10000*,00400,00200,SQUARE
752,B10000*,00400,00300,DOLLAR
752,B10000*,00400,00400,ADJUST
752,B10000*,00400,00500,COSTED
752,B10000*,00400,00800,NUMBER
752,B10000*,00400,01000,ACCUM
752,B10000*,00500,00200,FEET
752,B10000*,00500,00300,VALUE
752,B10000*,00500,00400,SALARIES
752,B10000*,00500,00500,REQUISIT
752,B10000*,00500,00800,ORGANS
752,B10000*,00500,01000,COSTS
752,B10000*,00600,00200,1
752,B10000*,00600,00300,2
752,B10000*,00600,00400,3
752,B10000*,00600,00500,3
752,B10000*,00600,00800,3
752,B10000*,00600,01000,3
752,B100000,00000,01000,X
752,E000000,00900,00000,OTHER CURRENT ASSETS
752,E000000,02600,00000,OTHER FIXED ASSETS
752,E000000,03900,00000,INTERCOMPANY PAYABLES
752,E000000,04100,00000,OTHER CURRENT LIABILITIES
752,E100001,00900,00000,TISSUE RECOVERY REVENUE
752,E100002,00300,00000,DISALLOWABLES
752,E100002,00400,00000,BAD DEBT
752,E100002,00800,00000,COST REPORT REIMBURSEMENT
752,E100002,00900,00000,INVENTORY VARIANCE
752,S000000,00100,00100,X
752,S000000,00400,00100,1
752,S000000,00500,00100,02/27/2025
752,S000000,00600,00100,10001
752,S000000,00700,00100,N
752,S000000,00800,00100,N
752,S000000,01000,00100,4
752,S000001,00100,00100,NEW MEXICO DONOR SERVICES
752,S000001,00100,00200,32P001
752,S000001,00101,00100,1609 UNIVERSITY BLVD NE
752,S000001,00102,00100,ALBUQUERQUE
752,S000001,00102,00200,NM
752,S000001,00102,00300,87102
752,S000001,00300,00100,10/01/2023
752,S000001,00300,00200,09/30/2024
752,S000001,00400,00100,6
752,S000001,00400,00300,1
752,S000001,00400,00400,10/01/1992
752,S000001,00401,00300,1
752,S000002,00100,00200,Y
752,S000002,00300,00100,DIRECTOR OF FINANCE
752,S000002,00400,00100,02/26/2025
752,S100001,00700,00100,N
752,S100001,00810,00000,OTHER
752,S100003,00100,00100,MEDICAL DIRECTOR
752,S100003,00100,00300,MEDICAL DIRECTOR
752,S100003,00100,00500,LAB DIRECTOR
752,S100003,00101,00100,EXEC. DIRECTOR
752,S100003,00101,00300,PROCUREMENT COORDINATOR
752,S100003,00101,00500,TECHNICIANS
752,S100003,00102,00100,CLERICAL
752,S100003,00102,00300,PRESERVATION TECHNICIANS
752,S100003,00102,00500,TISSUE TYPING TECH.
752,S100003,00103,00100,OTHER
752,S100003,00103,00300,OTHER
752,S100003,00103,00500,OTHER
752,S200000,00100,00100,N
752,S200000,00200,00100,N
752,S200000,00300,00100,Y
752,S200000,00400,00100,Y
752,S200000,00400,00200,A
752,S200000,00500,00100,N
752,S200000,00600,00300,DIRECTOR OF FINANCE
752,S200000,00700,00100,DCI DONOR SERVICES  INC.
753,A000000,00100,00000,0100CAPITAL COSTS-BLDG & FIXT
753,A000000,00200,00000,0200CAPITAL COSTS-MVBLE EQUIPMENT
753,A000000,00300,00000,0300EMPLOYEE BENEFITS
753,A000000,00400,00000,0400ADMINISTRATIVE & GENERAL
753,A000000,00500,00000,0500OPERATION AND MAINTENANCE OF PLANT
753,A000000,00600,00000,0600HOUSEKEEPING
753,A000000,00700,00000,0700MEDICAL SUPPLIES
753,A000000,00800,00000,0800OTHER OVERHEAD
753,A000000,00900,00000,0900PROCUREMENT COORDINATORS
753,A000000,01000,00000,1000PROFESSIONAL EDUCATION
753,A000000,01100,00000,1100PUBLIC EDUCATION
753,A000000,01200,00000,1200OTHER ACQUISITION
753,A000000,01300,00000,1300KIDNEY ACQUISITIONS
753,A000000,01400,00000,1400TISSUE TYPING LABORATORY
753,A000000,01500,00000,1500LIVER ACQUISITIONS
753,A000000,01600,00000,1600HEART ACQUISITIONS
753,A000000,01700,00000,1700PANCREAS ACQUISITIONS
753,A000000,01800,00000,1800LUNG ACQUISITIONS
753,A000000,01900,00000,1900OTHER ACQUISITIONS
753,A000000,02100,00000,2100RESEARCH
753,A000000,02200,00000,2200BLOOD BANK
753,A000000,02300,00000,2300LABORATORY-NON-TISSUE TYPING
753,A000000,02400,00000,2400DIALYSIS UNITS
753,A000000,02500,00000,2500OTHER NON-REIMBURSABLE
753,A100000,01700,00000,QUALITY ASSURANCE
753,A100000,01800,00000,LOBBYING
753,A100000,01900,00000,EMPLOYEE RECRUITMENT
753,A100000,01901,00000,OTHER EXPENSES-INDIRECT
753,A20H000,00900,00000,OTHER HOSPITAL COSTS
753,A20H000,02100,00000,PERFUSION EXPENSES
753,A20K000,00900,00000,OTHER HOSPITAL COSTS
753,A20K000,02100,00000,PERFUSION EXPENSES
753,A20L000,00900,00000,OTHER HOSPITAL COSTS
753,A20L000,02100,00000,PERFUSION EXPENSES
753,A20O000,00900,00000,OTHER HOSPITAL COSTS
753,A20O000,02100,00000,OTHER MEDICAL EXPENSE
753,A20P000,00900,00000,OTHER HOSPITAL COSTS
753,A20P000,02100,00000,PERFUSION EXPENSES
753,A20U000,00900,00000,OTHER HOSPITAL COSTS
753,A20U000,02100,00000,PERFUSION EXPENSES
753,A400010,00100,00000,TISSUE ALLOCATION
753,A400010,00100,00100,A
753,A400010,00100,00200,OTHER NON-REIMBURSABLE
753,A400010,00100,00500,PROCUREMENT COORDINATORS
753,A400010,00200,00000,TISSUE ALLOCATION
753,A400010,00200,00100,A
753,A400010,00200,00200,OTHER NON-REIMBURSABLE
753,A400010,00200,00500,PROFESSIONAL EDUCATION
753,A400010,00300,00000,TISSUE ALLOCATION
753,A400010,00300,00100,A
753,A400010,00300,00200,OTHER NON-REIMBURSABLE
753,A400010,00300,00500,PUBLIC EDUCATION
753,A400010,00400,00000,RECLASS FACILITY RENT
753,A400010,00400,00100,B
753,A400010,00400,00200,CAPITAL COSTS-BLDG & FIXT
753,A400010,00400,00500,ADMINISTRATIVE & GENERAL
753,A500010,00800,00100,B
753,A500010,00800,00300,PROCUREMENT COORDINATORS
753,A500010,01500,00000,LOBBYING
753,A500010,01500,00100,A
753,A500010,01500,00300,ADMINISTRATIVE & GENERAL
753,A500010,01501,00000,AOPO LOBBYING EXPENSE
753,A500010,01501,00100,A
753,A500010,01501,00300,ADMINISTRATIVE & GENERAL
753,A500010,01600,00000,CHARITABLE CONTRIBUTIONS
753,A500010,01600,00100,A
753,A500010,01600,00300,ADMINISTRATIVE & GENERAL
753,A500010,01601,00000,FUNERAL HOME FEES
753,A500010,01601,00100,A
753,A500010,01601,00300,KIDNEY ACQUISITIONS
753,A500010,01602,00000,VENDOR RELATIONS EXPENSE
753,A500010,01602,00100,A
753,A500010,01602,00300,ADMINISTRATIVE & GENERAL
753,A51000A,00100,00100,Y
753,A51000B,00100,00200,CAPITAL COSTS-BLDG & FIXT
753,A51000B,00100,00300,FACILITY RENT
753,A51000B,00200,00200,ADMINISTRATIVE & GENERAL
753,A51000B,00200,00300,DIVISION OVERHEAD COSTS
753,A51000C,00100,00100,A
753,A51000C,00100,00200,DCI DONOR SERVICES  INC
753,A51000C,00100,00400,DIALYSIS CLINIC INC
753,A51000C,00100,00600,INDEPENDENT DIALYSIS
753,A51000C,00200,00100,B
753,A51000C,00200,00200,TENNESSEE DONOR SERVICES
753,A51000C,00200,00400,DCI DONORS SERVICES  INC
753,A51000C,00200,00600,ORGAN PROCUREMENT ORGANIZATION
753,A60000C,00500,00100,N
753,B10000*,00100,00200,CAP BLDG
753,B10000*,00100,00300,CAP COSTS
753,B10000*,00100,00400,EMPLOYEE
753,B10000*,00100,00500,MEDICAL
753,B10000*,00100,00800,ORGAN
753,B10000*,00100,01000,ADMIN &
753,B10000*,00200,00200,OP PLANT &
753,B10000*,00200,00300,MOVABLE
753,B10000*,00200,00400,BENEFITS
753,B10000*,00200,00500,SUPPLIES
753,B10000*,00200,00800,ACQUISITN
753,B10000*,00200,01000,GENERAL
753,B10000*,00300,00200,HOUSEKEEP
753,B10000*,00300,00300,EQUIPMENT
753,B10000*,00300,00800,COSTS
753,B10000*,00400,00200,SQUARE
753,B10000*,00400,00300,DOLLAR
753,B10000*,00400,00400,ADJUST
753,B10000*,00400,00500,COSTED
753,B10000*,00400,00800,NUMBER
753,B10000*,00400,01000,ACCUM
753,B10000*,00500,00200,FEET
753,B10000*,00500,00300,VALUE
753,B10000*,00500,00400,SALARIES
753,B10000*,00500,00500,REQUISIT
753,B10000*,00500,00800,ORGANS
753,B10000*,00500,01000,COSTS
753,B10000*,00600,00200,1
753,B10000*,00600,00300,2
753,B10000*,00600,00400,3
753,B10000*,00600,00500,3
753,B10000*,00600,00800,3
753,B10000*,00600,01000,3
753,B100000,00000,01000,X
753,E000000,00900,00000,OTHER CURRENT ASSETS
753,E000000,02600,00000,LEASED ASSETS
753,E000000,03900,00000,INTERCOMPANY PAYABLES
753,E000000,04100,00000,OTHER CURRENT LIABILITIES
753,E000000,04600,00000,LONG TERM OPERATING LEASE OBLIGATION
753,E100001,00800,00000,OTHER ORGAN RELATED FEES
753,E100001,00900,00000,TISSUE RECOVERY REVENUE
753,E100002,00300,00000,DISALLOWABLES
753,E100002,00400,00000,BAD DEBT
753,E100002,00500,00000,RESEARCH
753,E100002,00501,00000,COST REPORT ESTIMATE
753,E100002,00800,00000,PURCHASE DISCOUNTS
753,E100002,00900,00000,INVENTORY VARIANCE
753,S000000,00100,00100,X
753,S000000,00400,00100,1
753,S000000,00500,00100,02/27/2025
753,S000000,00600,00100,10001
753,S000000,00700,00100,N
753,S000000,00800,00100,N
753,S000000,01000,00100,4
753,S000001,00100,00100,TENNESSEE DONOR SERVICES
753,S000001,00100,00200,44P001
753,S000001,00101,00100,566 MAINSTREAM DRIVE STE 300
753,S000001,00102,00100,NASHVILLE
753,S000001,00102,00200,TN
753,S000001,00102,00300,37228
753,S000001,00300,00100,10/01/2023
753,S000001,00300,00200,09/30/2024
753,S000001,00400,00100,6
753,S000001,00400,00300,1
753,S000001,00400,00400,10/01/1990
753,S000001,00401,00300,1
753,S000002,00100,00200,Y
753,S000002,00300,00100,DIRECTOR OF FINANCE
753,S000002,00400,00100,02/26/2025
753,S100001,00700,00100,N
753,S100001,00810,00000,SMALL INTESTINE
753,S100003,00100,00100,MEDICAL DIRECTOR
753,S100003,00100,00300,MEDICAL DIRECTOR
753,S100003,00100,00500,LAB DIRECTOR
753,S100003,00101,00100,EXEC. DIRECTOR
753,S100003,00101,00300,PROCUREMENT COORDINATOR
753,S100003,00101,00500,TECHNICIANS
753,S100003,00102,00100,CLERICAL
753,S100003,00102,00300,PRESERVATION TECHNICIANS
753,S100003,00102,00500,TISSUE TYPING TECH.
753,S100003,00103,00100,OTHER
753,S100003,00103,00300,OTHER
753,S100003,00103,00500,OTHER
753,S200000,00100,00100,N
753,S200000,00200,00100,N
753,S200000,00300,00100,Y
753,S200000,00400,00100,Y
753,S200000,00400,00200,A
753,S200000,00500,00100,N
753,S200000,00600,00300,DIRECTOR OF FINANCE
753,S200000,00700,00100,DCI DONOR SERVICES  INC.
754,A000000,00100,00000,0100CAPITAL COSTS-BLDG & FIXT
754,A000000,00200,00000,0200CAPITAL COSTS-MVBLE EQUIPMENT
754,A000000,00300,00000,0300EMPLOYEE BENEFITS
754,A000000,00400,00000,0400ADMINISTRATIVE & GENERAL
754,A000000,00500,00000,0500OPERATION AND MAINTENANCE OF PLANT
754,A000000,00600,00000,0600HOUSEKEEPING
754,A000000,00700,00000,0700MEDICAL SUPPLIES
754,A000000,00800,00000,0800OTHER OVERHEAD
754,A000000,00900,00000,0900PROCUREMENT COORDINATORS
754,A000000,01000,00000,1000PROFESSIONAL EDUCATION
754,A000000,01100,00000,1100PUBLIC EDUCATION
754,A000000,01200,00000,1200OTHER ACQUISITION
754,A000000,01300,00000,1300KIDNEY ACQUISITIONS
754,A000000,01400,00000,1400TISSUE TYPING LABORATORY
754,A000000,01500,00000,1500LIVER ACQUISITIONS
754,A000000,01600,00000,1600HEART ACQUISITIONS
754,A000000,01700,00000,1700PANCREAS ACQUISITIONS
754,A000000,01800,00000,1800LUNG ACQUISITIONS
754,A000000,01900,00000,1900OTHER ACQUISITIONS
754,A000000,02100,00000,2100RESEARCH
754,A000000,02200,00000,2200BLOOD BANK
754,A000000,02300,00000,2300LABORATORY-NON-TISSUE TYPING
754,A000000,02400,00000,2400DIALYSIS UNITS
754,A000000,02500,00000,2500OTHER NON-REIMBURSABLE
754,A300000,00600,00000,LABORATORY SUPPLIES
754,A300000,00700,00000,MINOR MEDICAL EQUIPMENT
754,A300000,00800,00000,FREIGHT IN
754,A300000,00900,00000,OTHER DIRECT EXPENSES
754,A300000,01000,00000,OTHER INDIRECT EXPENSES
754,A500010,01500,00000,HOME OFFICE COSTS
754,A500010,01500,00100,A
754,A500010,01500,00300,TISSUE TYPING LABORATORY
754,A51000A,00100,00100,Y
754,A51000B,00100,00200,TISSUE TYPING LABORATORY
754,A51000B,00100,00300,DATA PROCESSING - CORPORATE
754,A51000B,00200,00200,TISSUE TYPING LABORATORY
754,A51000B,00200,00300,COMPUTER SOFTWARE - DCI
754,A51000B,00300,00200,TISSUE TYPING LABORATORY
754,A51000B,00300,00300,RENT PAID TO CORPORATE
754,A51000B,00400,00200,TISSUE TYPING LABORATORY
754,A51000B,00400,00300,CORPORATE ALLOCATION
754,A51000C,00100,00100,B
754,A51000C,00100,00200,DCI LABORATORY
754,A51000C,00100,00400,DIALYSIS CLINIC INC
754,A51000C,00100,00600,INDEPENDENT DIALYSIS
754,A60000A,00700,00000,COMPUTER EQUIPMENT
754,A60000B,00800,00000,COMPUTER EQUIPMENT
754,A60000C,00500,00100,N
754,B10000*,00100,00200,CAP BLDG
754,B10000*,00100,00300,CAP COSTS
754,B10000*,00100,00400,EMPLOYEE
754,B10000*,00100,00500,MEDICAL
754,B10000*,00100,00800,ORGAN
754,B10000*,00100,01000,ADMIN &
754,B10000*,00200,00200,OP PLANT &
754,B10000*,00200,00300,MOVABLE
754,B10000*,00200,00400,BENEFITS
754,B10000*,00200,00500,SUPPLIES
754,B10000*,00200,00800,ACQUISITN
754,B10000*,00200,01000,GENERAL
754,B10000*,00300,00200,HOUSEKEEP
754,B10000*,00300,00300,EQUIPMENT
754,B10000*,00300,00800,COSTS
754,B10000*,00400,00200,SQUARE
754,B10000*,00400,00300,DOLLAR
754,B10000*,00400,00400,ADJUST
754,B10000*,00400,00500,COSTED
754,B10000*,00400,00800,NUMBER
754,B10000*,00400,01000,ACCUM
754,B10000*,00500,00200,FEET
754,B10000*,00500,00300,VALUE
754,B10000*,00500,00400,SALARIES
754,B10000*,00500,00500,REQUISIT
754,B10000*,00500,00800,ORGANS
754,B10000*,00500,01000,COSTS
754,B10000*,00600,00200,1
754,B10000*,00600,00300,2
754,B10000*,00600,00400,3
754,B10000*,00600,00500,3
754,B10000*,00600,00800,3
754,B10000*,00600,01000,3
754,B100000,00000,01000,X
754,E000000,00900,00000,OTHER CURRENT ASSETS
754,E000000,02600,00000,OTHER FIXED ASSETS
754,E000000,04100,00000,INTERCOMPANY PAYABLES
754,E100002,00300,00000,PROVIDER COST REIMBURSEMENT
754,E100002,00400,00000,BAD DEBT EXPENSE
754,S000000,00100,00100,X
754,S000000,00400,00100,1
754,S000000,00500,00100,02/27/2025
754,S000000,00600,00100,10001
754,S000000,00700,00100,N
754,S000000,00800,00100,N
754,S000000,01000,00100,4
754,S000001,00100,00100,DCI LABORATORY
754,S000001,00100,00200,44HL01
754,S000001,00101,00100,1616 HAYES STREET
754,S000001,00102,00100,NASHVILLE
754,S000001,00102,00200,TN
754,S000001,00102,00300,37203
754,S000001,00300,00100,10/01/2023
754,S000001,00300,00200,09/30/2024
754,S000001,00400,00100,6
754,S000001,00400,00300,2
754,S000001,00400,00400,10/01/1978
754,S000001,00401,00300,1
754,S000002,00100,00200,Y
754,S000002,00300,00100,LABORATORY DIRECTOR
754,S000002,00400,00100,02/25/2025
754,S100001,00700,00100,N
754,S100001,00810,00000,OTHER
754,S100002,00400,00100,HLA-CLASS I SINGLE ANTIGEN (EX. B27)
754,S100002,00401,00100,ABO TYPING
754,S100002,00402,00100,T CELL CROSSMATCH - CYTOTOXIC/AHG
754,S100002,00403,00100,FLOW CYTOMETRY CROSSMATCH (T AND B C
754,S100002,00404,00100,HLA AB CLASS I ANTIBODY ID - FLOW PH
754,S100002,00405,00100,HLA CLASS I AND CLASS II ANTIBODY SC
754,S100002,00406,00100,DECEASED DONOR WORKUP - LOCAL
754,S100002,00407,00100,SERUM ARCHIVE
754,S100002,00408,00100,A1 TITER (SENDOUT)
754,S100002,00409,00100,FLOW CYTOMETRY AUTO-CROSSMATCH (T AN
754,S100002,00410,00100,HLA CLASS I ANTIBODY ID WITH C1Q BIN
754,S100002,00411,00100,HLA CLASS II ANTIBODY ID WITH C1Q BI
754,S100002,00412,00100,FLOW PRA STAT CHARGE
754,S100002,00413,00100,DNA EXTRACT AND HOLD
754,S100002,00414,00100,B CELL CROSSMATCH - CYTOTOXICITY (CH
754,S100002,00415,00100,HLA CLASS I ANTIBODY - SEMI-QUANT PA
754,S100002,00416,00100,HLA CLASS II ANTIBODY - SEMI-QUANT P
754,S100002,00417,00100,DECEASED DONOR WORK-UP IMPORT
754,S100002,00418,00100,HLA CLASS I AND CLASS II ANTIBODY SC
754,S100002,00419,00100,T CELL CROSSMATCH - CYTOOXIC/AHG (NO
754,S100002,00420,00100,FLOW CYTOMETRY CROSSMATCH (T AND B C
754,S100002,00421,00100,T CEL CYTOTOXIC CROSSMATCH (CHARGE T
754,S100002,00422,00100,FLOW CYTOMETRY CROSSMATCH - T AND B
754,S100002,00423,00100,ABO REVERSE TYPING ONLY
754,S100002,00424,00100,HLA CLASS I ANTIBODY ID - LUMINEX SI
754,S100002,00425,00100,HLA CLASS II ANTIBODY ID - LUMINEX S
754,S100002,00426,00100,FLOW CROSSMATCH WITH TITERS
754,S100002,00427,00100,T AND B CELL CYTOTOXIC CROSSMATCH
754,S100002,00428,00100,A1 TITER (NO DONOR)
754,S100002,00429,00100,HLA CLASS I ANTIBODY ID - LUMINEX SI
754,S100002,00430,00100,HLA CLASS II ANTIBODY ID - LUMINEX S
754,S100002,00431,00100,HLA COMP TYPING:HR(HLA-A B C DR DRB3
754,S100003,00100,00100,MEDICAL DIRECTOR
754,S100003,00100,00300,MEDICAL DIRECTOR
754,S100003,00100,00500,LAB DIRECTOR
754,S100003,00101,00100,EXEC. DIRECTOR
754,S100003,00101,00300,PROCUREMENT COORDINATOR
754,S100003,00101,00500,TECHNICIANS
754,S100003,00102,00100,CLERICAL
754,S100003,00102,00300,PRESERVATION TECHNICIANS
754,S100003,00102,00500,TISSUE TYPING TECH.
754,S100003,00103,00100,OTHER
754,S100003,00103,00300,OTHER
754,S100003,00103,00500,OTHER
754,S200000,00100,00100,N
754,S200000,00200,00100,N
754,S200000,00300,00100,Y
754,S200000,00400,00100,Y
754,S200000,00400,00200,A
754,S200000,00500,00100,N
754,S200000,00600,00300,LABORATORY DIRECTOR
754,S200000,00700,00100,DIALYSIS CLINIC INC
755,A000000,00100,00000,0100CAPITAL COSTS-BLDG & FIXT
755,A000000,00200,00000,0200CAPITAL COSTS-MVBLE EQUIPMENT
755,A000000,00300,00000,0300EMPLOYEE BENEFITS
755,A000000,00400,00000,0400ADMINISTRATIVE & GENERAL
755,A000000,00500,00000,0500OPERATION AND MAINTENANCE OF PLANT
755,A000000,00600,00000,0600HOUSEKEEPING
755,A000000,00700,00000,0700MEDICAL SUPPLIES
755,A000000,00800,00000,0800OTHER OVERHEAD
755,A000000,00900,00000,0900PROCUREMENT COORDINATORS
755,A000000,01000,00000,1000PROFESSIONAL EDUCATION
755,A000000,01100,00000,1100PUBLIC EDUCATION
755,A000000,01200,00000,1201ORGAN PRESERVATION
755,A000000,01300,00000,1300KIDNEY ACQUISITIONS
755,A000000,01400,00000,1400TISSUE TYPING LABORATORY
755,A000000,01500,00000,1500LIVER ACQUISITIONS
755,A000000,01600,00000,1600HEART ACQUISITIONS
755,A000000,01700,00000,1700PANCREAS ACQUISITIONS
755,A000000,01800,00000,1800LUNG ACQUISITIONS
755,A000000,01900,00000,1900DOUBLE LUNG ACQUISITIONS
755,A000000,01901,00000,1901INTESTINE ACQUISITIONS
755,A000000,01902,00000,1902PANCREAS ISLET CELLS ACQUISITIONS
755,A000000,02100,00000,2100RESEARCH
755,A000000,02200,00000,2200BLOOD BANK
755,A000000,02300,00000,2300LABORATORY-NON-TISSUE TYPING
755,A000000,02400,00000,2400DIALYSIS UNITS
755,A000000,02500,00000,2501TISSUE RECOVERY
755,A100000,01700,00000,UTILITIES
755,A100000,01800,00000,AUTO & VANS
755,A100000,01900,00000,OFFICE MAINTENANCE
755,A20H000,00900,00000,OTHER HOSPITAL COST
755,A20H000,02100,00000,ORGAN RECOVERY FEES
755,A20K000,00900,00000,OTHER HOSPITAL COST
755,A20K000,02100,00000,ORGAN RECOVERY FEES
755,A20L000,00900,00000,OTHER HOSPITAL COST
755,A20L000,02100,00000,ORGAN RECOVERY FEES
755,A20O000,00900,00000,OTHER HOSPITAL COST
755,A20O000,02100,00000,ORGAN RECOVERY FEES
755,A20O001,00900,00000,OTHER HOSPITAL COST
755,A20O002,00900,00000,OTHER HOSPITAL COST
755,A20P000,00900,00000,OTHER HOSPITAL COST
755,A20P000,02100,00000,ORGAN RECOVERY FEES
755,A20U000,00900,00000,OTHER HOSPITAL COST
755,A400010,00100,00000,RECLASSIFICATIONS
755,A400010,00100,00100,A
755,A400010,00100,00200,CAPITAL COSTS-BLDG & FIXT
755,A400010,00100,00500,ADMINISTRATIVE & GENERAL
755,A400010,00200,00000,RECLASSIFICATIONS
755,A400010,00200,00100,A
755,A400010,00200,00200,CAPITAL COSTS-MVBLE EQUIPMENT
755,A400010,00200,00500,ADMINISTRATIVE & GENERAL
755,A400010,00300,00000,RECLASSIFICATIONS
755,A400010,00300,00100,A
755,A400010,00300,00200,TISSUE RECOVERY
755,A400010,00300,00500,PROFESSIONAL EDUCATION
755,A400010,00400,00000,RECLASSIFICATIONS
755,A400010,00400,00100,A
755,A400010,00400,00200,TISSUE RECOVERY
755,A400010,00400,00500,PUBLIC EDUCATION
755,A400010,00500,00000,RECLASSIFICATIONS
755,A400010,00500,00100,A
755,A400010,00500,00200,TISSUE RECOVERY
755,A400010,00500,00500,ORGAN PRESERVATION
755,A400010,00600,00000,RECLASSIFICATIONS
755,A400010,00600,00100,A
755,A400010,00600,00200,TISSUE RECOVERY
755,A400010,00600,00500,PROCUREMENT COORDINATORS
755,A400010,00700,00000,RECLASSIFICATIONS
755,A400010,00700,00100,A
755,A400010,00700,00200,TISSUE RECOVERY
755,A400010,00700,00500,CAPITAL COSTS-MVBLE EQUIPMENT
755,A400010,00800,00000,RECLASSIFICATIONS
755,A400010,00800,00100,A
755,A400010,00800,00200,KIDNEY ACQUISITIONS
755,A400010,00800,00500,ORGAN PRESERVATION
755,A400010,00900,00000,RECLASSIFICATIONS
755,A400010,00900,00100,A
755,A400010,00900,00200,LIVER ACQUISITIONS
755,A400010,00900,00500,ORGAN PRESERVATION
755,A400010,01000,00000,RECLASSIFICATIONS
755,A400010,01000,00100,A
755,A400010,01000,00200,PANCREAS ACQUISITIONS
755,A400010,01000,00500,ORGAN PRESERVATION
755,A400010,01100,00000,RECLASSIFICATIONS
755,A400010,01100,00100,A
755,A400010,01100,00200,DOUBLE LUNG ACQUISITIONS
755,A400010,01100,00500,ORGAN PRESERVATION
755,A400010,01200,00000,RECLASSIFICATIONS
755,A400010,01200,00100,A
755,A400010,01200,00200,HEART ACQUISITIONS
755,A400010,01200,00500,ORGAN PRESERVATION
755,A500010,01200,00100,A
755,A500010,01200,00300,ADMINISTRATIVE & GENERAL
755,A500010,01500,00000,AOPO LOBBYING EXPENSE
755,A500010,01500,00100,A
755,A500010,01500,00300,ADMINISTRATIVE & GENERAL
755,A500010,01600,00000,NON-ALLOWABLE PROFESSIONAL EDUCATION
755,A500010,01600,00100,A
755,A500010,01600,00300,PROFESSIONAL EDUCATION
755,A500010,01601,00000,NON-ALLOWABLE PUBLIC EDUCATION
755,A500010,01601,00100,A
755,A500010,01601,00300,PUBLIC EDUCATION
755,A500010,01602,00000,NON- LOH STAFF
755,A500010,01602,00100,A
755,A500010,01602,00300,PROCUREMENT COORDINATORS
755,A500010,01603,00000,ALCOHOL RELATED PURCHASES
755,A500010,01603,00100,A
755,A500010,01603,00300,ADMINISTRATIVE & GENERAL
755,A51000A,00100,00100,Y
755,A51000B,00100,00200,ADMINISTRATIVE & GENERAL
755,A51000B,00100,00300,UAHSF CENTRAL ADMIN
755,A51000C,00100,00100,B
755,A51000C,00100,00200,UAHSF
755,A51000C,00100,00400,UAHSF
755,A60000C,00500,00100,N
755,B10000*,00100,00200,CAP BLDG
755,B10000*,00100,00300,CAP COSTS
755,B10000*,00100,00400,EMPLOYEE
755,B10000*,00100,00500,MEDICAL
755,B10000*,00100,00800,ORGAN
755,B10000*,00100,01000,ADMIN &
755,B10000*,00200,00200,OP PLANT &
755,B10000*,00200,00300,MOVABLE
755,B10000*,00200,00400,BENEFITS
755,B10000*,00200,00500,SUPPLIES
755,B10000*,00200,00800,ACQUISITN
755,B10000*,00200,01000,GENERAL
755,B10000*,00300,00200,HOUSEKEEP
755,B10000*,00300,00300,EQUIPMENT
755,B10000*,00300,00800,COSTS
755,B10000*,00400,00200,SQUARE
755,B10000*,00400,00300,DOLLAR
755,B10000*,00400,00400,ADJUST
755,B10000*,00400,00500,COSTED
755,B10000*,00400,00800,NUMBER
755,B10000*,00400,01000,ACCUM
755,B10000*,00500,00200,FEET
755,B10000*,00500,00300,VALUE
755,B10000*,00500,00400,SALARIES
755,B10000*,00500,00500,REQUISIT
755,B10000*,00500,00800,ORGANS
755,B10000*,00500,01000,COSTS
755,B10000*,00600,00200,1
755,B10000*,00600,00300,2
755,B10000*,00600,00400,3
755,B10000*,00600,00500,3
755,B10000*,00600,00800,3
755,B10000*,00600,01000,3
755,B100000,00000,01000,X
755,E000000,00900,00000,RESTRICTED ASSETS
755,E000000,02600,00000,OTHER FIXED ASSETS
755,E000000,03100,00000,OTHER LONG TERM ASSETS
755,E000000,04600,00000,OTHER NON-CURRENT LIABILITIES
755,S000000,00100,00100,X
755,S000000,00400,00100,1
755,S000000,00500,00100,03/03/2025
755,S000000,00600,00100,10001
755,S000000,00700,00100,N
755,S000000,00800,00100,N
755,S000000,01000,00100,4
755,S000001,00100,00100,LEGACY OF HOPE
755,S000001,00100,00200,01P001
755,S000001,00101,00100,500 22ND STREET SOUTH
755,S000001,00102,00100,BIRMINGHAM
755,S000001,00102,00200,AL
755,S000001,00102,00300,35233
755,S000001,00300,00100,10/01/2023
755,S000001,00300,00200,09/30/2024
755,S000001,00400,00100,7
755,S000001,00400,00300,1
755,S000001,00400,00400,01/01/1979
755,S000001,00401,00300,1
755,S100001,00700,00100,N
755,S100001,00810,00000,DOUBLE LUNG
755,S100001,00811,00000,INTESTINE
755,S100003,00100,00100,MEDICAL DIRECTOR
755,S100003,00100,00300,MEDICAL DIRECTOR
755,S100003,00100,00500,LAB DIRECTOR
755,S100003,00101,00100,EXEC. DIRECTOR
755,S100003,00101,00300,PROCUREMENT COORDINATOR
755,S100003,00101,00500,TECHNICIANS
755,S100003,00102,00100,CLERICAL
755,S100003,00102,00300,PRESERVATION TECHNICIANS
755,S100003,00102,00500,TISSUE TYPING TECH.
755,S100003,00103,00100,OTHER
755,S100003,00103,00300,OTHER
755,S100003,00103,00500,OTHER
755,S200000,00100,00100,N
755,S200000,00200,00100,N
755,S200000,00300,00100,Y
755,S200000,00400,00100,N
755,S200000,00500,00100,N
755,S200000,00600,00300,FINANCIAL OFFICER III
755,S200000,00700,00100,UAHSF
756,A000000,00100,00000,0100CAPITAL COSTS-BLDG & FIXT
756,A000000,00200,00000,0200CAPITAL COSTS-MVBLE EQUIPMENT
756,A000000,00300,00000,0300EMPLOYEE BENEFITS
756,A000000,00400,00000,0400ADMINISTRATIVE & GENERAL
756,A000000,00500,00000,0500OPERATION AND MAINTENANCE OF PLANT
756,A000000,00600,00000,0600HOUSEKEEPING
756,A000000,00700,00000,0700MEDICAL SUPPLIES
756,A000000,00800,00000,0800OTHER OVERHEAD
756,A000000,00900,00000,0900PROCUREMENT COORDINATORS
756,A000000,01000,00000,1000PROFESSIONAL EDUCATION
756,A000000,01100,00000,1100PUBLIC EDUCATION
756,A000000,01200,00000,1200OTHER ACQUISITION
756,A000000,01300,00000,1300KIDNEY ACQUISITIONS
756,A000000,01400,00000,1400TISSUE TYPING LABORATORY
756,A000000,01500,00000,1500LIVER ACQUISITIONS
756,A000000,01600,00000,1600HEART ACQUISITIONS
756,A000000,01700,00000,1700PANCREAS ACQUISITIONS
756,A000000,01800,00000,1800LUNG ACQUISITIONS
756,A000000,01900,00000,1900OTHER ACQUISITIONS
756,A000000,02100,00000,2100RESEARCH
756,A000000,02200,00000,2200BLOOD BANK
756,A000000,02300,00000,2300LABORATORY-NON-TISSUE TYPING
756,A000000,02400,00000,2400DIALYSIS UNITS
756,A000000,02500,00000,2500OTHER NON-REIMBURSABLE
756,A100000,01700,00000,OTHER ADMIN AND GENERAL
756,A300000,00600,00000,OTHER TISSUE TYPING COST
756,A500010,00100,00100,B
756,A500010,00100,00300,OTHER NON-REIMBURSABLE
756,A500010,00200,00100,B
756,A500010,00200,00300,MEDICAL SUPPLIES
756,A500010,01500,00000,MISCELLANEOUS INCOME
756,A500010,01500,00100,B
756,A500010,01500,00300,OTHER NON-REIMBURSABLE
756,A500010,01600,00000,HOME OFFICE WORKERS COMPENSATION
756,A500010,01600,00100,A
756,A500010,01600,00300,EMPLOYEE BENEFITS
756,A500010,01601,00000,EHR DEFERRED DEPRECIATION
756,A500010,01601,00100,B
756,A500010,01601,00300,ADMINISTRATIVE & GENERAL
756,A51000A,00100,00100,Y
756,A51000B,00100,00200,CAPITAL COSTS-BLDG & FIXT
756,A51000B,00200,00200,ADMINISTRATIVE & GENERAL
756,A51000B,00300,00200,OTHER NON-REIMBURSABLE
756,A51000C,00100,00100,B
756,A51000C,00100,00200,MAINEHEALTH
756,A51000C,00100,00400,CORPORATE OFFICE
756,A60000A,00700,00000,LEASEHOLD IMPROVEMENT
756,A60000B,00800,00000,LEASEHOLD IMPROVEMENT
756,A60000C,00500,00100,N
756,B10000*,00100,00200,CAP BLDG
756,B10000*,00100,00300,CAP COSTS
756,B10000*,00100,00400,EMPLOYEE
756,B10000*,00100,00500,MEDICAL
756,B10000*,00100,00800,ORGAN
756,B10000*,00100,01000,ADMIN &
756,B10000*,00200,00200,OP PLANT &
756,B10000*,00200,00300,MOVABLE
756,B10000*,00200,00400,BENEFITS
756,B10000*,00200,00500,SUPPLIES
756,B10000*,00200,00800,ACQUISITN
756,B10000*,00200,01000,GENERAL
756,B10000*,00300,00200,HOUSEKEEP
756,B10000*,00300,00300,EQUIPMENT
756,B10000*,00300,00800,COSTS
756,B10000*,00400,00200,SQUARE
756,B10000*,00400,00300,DOLLAR
756,B10000*,00400,00400,ADJUST
756,B10000*,00400,00500,COSTED
756,B10000*,00400,00800,NUMBER
756,B10000*,00400,01000,ACCUM
756,B10000*,00500,00200,FEET
756,B10000*,00500,00300,VALUE
756,B10000*,00500,00400,SALARIES
756,B10000*,00500,00500,REQUISIT
756,B10000*,00500,00800,ORGANS
756,B10000*,00500,01000,COSTS
756,B10000*,00600,00200,1
756,B10000*,00600,00300,2
756,B10000*,00600,00400,3
756,B10000*,00600,00500,3
756,B10000*,00600,00800,3
756,B10000*,00600,01000,3
756,B100000,00000,01000,X
756,E000000,00900,00000,OTHER CURRENT
756,E000000,02600,00000,OTHER FIXED ASSETS
756,E000000,03100,00000,OTHER LONG TERM ASSETS
756,E100001,00700,00000,GROSS PATIENT SERVICE REVENUE
756,E100002,00800,00000,INCOME
756,E200000,01500,00000,OOI
756,E200000,01600,00000,CHANGE IN FAIR VALUE OF INVESTMENT
756,E200000,01700,00000,INCOME
756,E200000,02600,00000,EQUITY TRANSFER
756,S000000,00100,00100,X
756,S000000,00400,00100,1
756,S000000,00500,00100,03/03/2025
756,S000000,00600,00100,10001
756,S000000,00700,00100,N
756,S000000,00800,00100,N
756,S000000,01000,00100,4
756,S000001,00100,00100,NORDX
756,S000001,00100,00200,20HL02
756,S000001,00101,00100,301A US ROUTE ONE
756,S000001,00102,00100,SCARBOROUGH
756,S000001,00102,00200,ME
756,S000001,00102,00300,04074
756,S000001,00300,00100,10/01/2023
756,S000001,00300,00200,09/30/2024
756,S000001,00400,00100,2
756,S000001,00400,00300,2
756,S000001,00400,00400,10/01/1997
756,S000001,00401,00300,2
756,S000002,00100,00200,Y
756,S000002,00300,00100,CHIEF FINANCIAL OFFICER
756,S000002,00400,00100,02/26/2025
756,S100001,00700,00100,N
756,S100001,00810,00000,OTHER
756,S100003,00100,00100,MEDICAL DIRECTOR
756,S100003,00100,00300,MEDICAL DIRECTOR
756,S100003,00100,00500,LAB DIRECTOR
756,S100003,00101,00100,EXEC. DIRECTOR
756,S100003,00101,00300,PROCUREMENT COORDINATOR
756,S100003,00101,00500,TECHNICIANS
756,S100003,00102,00100,CLERICAL
756,S100003,00102,00300,PRESERVATION TECHNICIANS
756,S100003,00102,00500,TISSUE TYPING TECH.
756,S100003,00103,00100,OTHER
756,S100003,00103,00300,OTHER
756,S100003,00103,00500,OTHER
756,S200000,00100,00100,N
756,S200000,00200,00100,N
756,S200000,00300,00100,Y
756,S200000,00400,00100,N
756,S200000,00500,00100,N
756,S200000,00600,00300,DIRECTOR - REIMBURSEMENT
756,S200000,00700,00100,MAINEHEALTH
759,A000000,00100,00000,0100CAPITAL COSTS-BLDG & FIXT
759,A000000,00200,00000,0200CAPITAL COSTS-MVBLE EQUIPMENT
759,A000000,00300,00000,0300EMPLOYEE BENEFITS
759,A000000,00400,00000,0400ADMINISTRATIVE & GENERAL
759,A000000,00500,00000,0500OPERATION AND MAINTENANCE OF PLANT
759,A000000,00600,00000,0600HOUSEKEEPING
759,A000000,00700,00000,0700MEDICAL SUPPLIES
759,A000000,00800,00000,0800OTHER OVERHEAD
759,A000000,00900,00000,0900PROCUREMENT COORDINATORS
759,A000000,01000,00000,1000PROFESSIONAL EDUCATION
759,A000000,01100,00000,1100PUBLIC EDUCATION
759,A000000,01200,00000,1200DONOR REFERRAL CALLS
759,A000000,01201,00000,1201OTHER ACQUISITION
759,A000000,01300,00000,1300KIDNEY ACQUISITIONS
759,A000000,01400,00000,1400TISSUE TYPING LABORATORY
759,A000000,01500,00000,1500LIVER ACQUISITIONS
759,A000000,01600,00000,1600HEART ACQUISITIONS
759,A000000,01700,00000,1700PANCREAS ACQUISITIONS
759,A000000,01800,00000,1800LUNG ACQUISITIONS
759,A000000,01900,00000,1900SMALL BOWELS
759,A000000,01901,00000,1901OTHER ACQUISITIONS
759,A000000,02100,00000,2100RESEARCH
759,A000000,02200,00000,2200BLOOD BANK
759,A000000,02300,00000,2300LABORATORY-NON-TISSUE TYPING
759,A000000,02400,00000,2400DIALYSIS UNITS
759,A000000,02500,00000,2500OTHER NON-REIMBURSABLE
759,A100000,01700,00000,CONTRACT LABOR
759,A100000,01800,00000,DUES & SUBCRIPTIONS
759,A100000,01900,00000,POSTAGE & FREIGHT
759,A100000,01901,00000,MISC EXPENSE
759,A20H000,00900,00000,RADIOLOGY
759,A20H000,02100,00000,MISC ORGAN COSTS
759,A20K000,00900,00000,RADIOLOGY
759,A20K000,02100,00000,MISC ORGAN COSTS
759,A20L000,00900,00000,RADIOLOGY
759,A20L000,02100,00000,MISC ORGAN COSTS
759,A20O000,00900,00000,RADIOLOGY
759,A20O000,02100,00000,MISC ORGAN COST
759,A20P000,00900,00000,RADIOLOGY
759,A20P000,02100,00000,MISC ORGAN COSTS
759,A20U000,00900,00000,RADIOLOGY
759,A20U000,02100,00000,MISC ORGAN COSTS
759,A400010,00100,00000,OFFICE SPACE LEASES
759,A400010,00100,00100,A
759,A400010,00100,00200,CAPITAL COSTS-BLDG & FIXT
759,A400010,00100,00500,ADMINISTRATIVE & GENERAL
759,A400010,00200,00000,EQUIMENT LEASES
759,A400010,00200,00100,B
759,A400010,00200,00200,CAPITAL COSTS-MVBLE EQUIPMENT
759,A400010,00200,00500,ADMINISTRATIVE & GENERAL
759,A400010,00300,00000,INSURANCE RECLASS
759,A400010,00300,00100,C
759,A400010,00300,00200,CAPITAL COSTS-MVBLE EQUIPMENT
759,A400010,00300,00500,ADMINISTRATIVE & GENERAL
759,A400010,00400,00000,DONOR REFERRAL CALLS
759,A400010,00400,00100,D
759,A400010,00400,00200,DONOR REFERRAL CALLS
759,A400010,00400,00500,ADMINISTRATIVE & GENERAL
759,A400010,00500,00000,BUILDING DEPR
759,A400010,00500,00100,E
759,A400010,00500,00200,CAPITAL COSTS-BLDG & FIXT
759,A400010,00500,00500,CAPITAL COSTS-MVBLE EQUIPMENT
759,A500010,00800,00100,B
759,A500010,00800,00300,PROCUREMENT COORDINATORS
759,A500010,01500,00000,INTEREST INCOME
759,A500010,01500,00100,B
759,A500010,01500,00300,CAPITAL COSTS-BLDG & FIXT
759,A500010,01600,00000,LOBBYING EXPENSE
759,A500010,01600,00100,A
759,A500010,01600,00300,ADMINISTRATIVE & GENERAL
759,A500010,01601,00000,CALL CENTER REVENUE
759,A500010,01601,00100,B
759,A500010,01601,00300,ADMINISTRATIVE & GENERAL
759,A51000A,00100,00100,N
759,A60000A,00700,00000,CIP
759,A60000C,00500,00100,N
759,B10000*,00100,00200,CAP BLDG
759,B10000*,00100,00300,CAP COSTS
759,B10000*,00100,00400,EMPLOYEE
759,B10000*,00100,00500,MEDICAL
759,B10000*,00100,00800,ORGAN
759,B10000*,00100,01000,ADMIN &
759,B10000*,00200,00200,OP PLANT &
759,B10000*,00200,00300,MOVABLE
759,B10000*,00200,00400,BENEFITS
759,B10000*,00200,00500,SUPPLIES
759,B10000*,00200,00800,ACQUISITN
759,B10000*,00200,01000,GENERAL
759,B10000*,00300,00200,HOUSEKEEP
759,B10000*,00300,00300,EQUIPMENT
759,B10000*,00300,00800,COSTS
759,B10000*,00400,00200,SQUARE
759,B10000*,00400,00300,DOLLAR
759,B10000*,00400,00400,ADJUST
759,B10000*,00400,00500,COSTED
759,B10000*,00400,00800,NUMBER
759,B10000*,00400,01000,ACCUM
759,B10000*,00500,00200,FEET
759,B10000*,00500,00300,VALUE
759,B10000*,00500,00400,SALARIES
759,B10000*,00500,00500,REQUISIT
759,B10000*,00500,00800,ORGANS
759,B10000*,00500,01000,COSTS
759,B10000*,00600,00200,1
759,B10000*,00600,00300,2
759,B10000*,00600,00400,3
759,B10000*,00600,00500,3
759,B10000*,00600,00800,3
759,B10000*,00600,01000,3
759,B100000,00000,01000,X
759,E000000,00900,00000,OTHER CURRENT ASSETS
759,E000000,02600,00000,CIP
759,E000000,03100,00000,RIGHT OF USE ASSETS
759,E000000,03900,00000,DUE TO MEDICARE
759,E000000,04100,00000,ACCRUED EXPENSES
759,E000000,04600,00000,OPERATING LEASE PAYABLE - LONG TERM
759,E000000,04700,00000,FINANCE LEASE PAYABLE - LONG TERM
759,E100001,00700,00000,MEDICARE ADJUSTMENT
759,E100001,00800,00000,SURGEON FEE REVENUE
759,E100001,00900,00000,CALL CENTER SERVICE FEES
759,E100002,00300,00000,MEDICARE CONTRACTUAL
759,E100002,00400,00000,ROUNDING
759,E100002,00800,00000,ROUNDING
759,E200000,01500,00000,INTEREST INCOME
759,E200000,02600,00000,INVESTMENT LOSS
759,S000000,00100,00100,X
759,S000000,00400,00100,1
759,S000000,00500,00100,03/27/2025
759,S000000,00600,00100,10001
759,S000000,00700,00100,N
759,S000000,00800,00100,N
759,S000000,01000,00100,4
759,S000001,00100,00100,TEXAS ORGAN SHARING ALLIANCE
759,S000001,00100,00200,45P004
759,S000001,00101,00100,5051 HAMILTON WOLFE DRIVE
759,S000001,00102,00100,SAN ANTONIO
759,S000001,00102,00200,TX
759,S000001,00102,00300,78229
759,S000001,00300,00100,01/01/2024
759,S000001,00300,00200,12/31/2024
759,S000001,00400,00100,6
759,S000001,00400,00300,1
759,S000001,00400,00400,04/10/1979
759,S000001,00401,00300,1
759,S000002,00100,00200,Y
759,S000002,00300,00100,SR VP & COO
759,S000002,00400,00100,03/26/2025
759,S100001,00700,00100,N
759,S100001,00810,00000,SMALL BOWELS
759,S100003,00100,00100,MEDICAL DIRECTOR
759,S100003,00100,00300,MEDICAL DIRECTOR
759,S100003,00100,00500,LAB DIRECTOR
759,S100003,00101,00100,EXEC. DIRECTOR
759,S100003,00101,00300,PROCUREMENT COORDINATOR
759,S100003,00101,00500,TECHNICIANS
759,S100003,00102,00100,CLERICAL
759,S100003,00102,00300,PRESERVATION TECHNICIANS
759,S100003,00102,00500,TISSUE TYPING TECH.
759,S100003,00103,00100,OTHER
759,S100003,00103,00300,OTHER
759,S100003,00103,00500,OTHER
759,S200000,00100,00100,N
759,S200000,00200,00100,N
759,S200000,00300,00100,N
759,S200000,00400,00100,Y
759,S200000,00400,00200,A
759,S200000,00500,00100,N
759,S200000,00600,00300,SENIOR VP & COO
759,S200000,00700,00100,TOSA
